{"test_accs": [11.063829787234042, 17.094017094017094, 11.11111111111111], "test_f1s": [3.7095918685486526, 9.71384550059835, 4.920086788181999]}